{
	"class_name" : "PinholeCameraParameters",
	"extrinsic" : 
	[
		0.39327973163553553,
		0.8957163388617162,
		0.20742057029341213,
		0.0,
		0.87547360332066104,
		-0.2959152538963864,
		-0.38207346466376729,
		0.0,
		-0.28085053422313261,
		0.33185298372562561,
		-0.90055348237568922,
		0.0,
		-0.25390340758425145,
		-0.48784151430246536,
		3.60759968314348,
		1.0
	],
	"intrinsic" : 
	{
		"height" : 1080,
		"intrinsic_matrix" : 
		[
			935.30743608719399,
			0.0,
			0.0,
			0.0,
			935.30743608719399,
			0.0,
			959.5,
			539.5,
			1.0
		],
		"width" : 1920
	},
	"version_major" : 1,
	"version_minor" : 0
}